AccountId,AccountName,Region,Industry
1,Contoso Customer 1,APAC,Technology
2,Contoso Customer 2,Europe,Travel
3,Contoso Customer 3,Europe,Technology
4,Contoso Customer 4,North America,Finance
5,Contoso Customer 5,North America,Travel
6,Contoso Customer 6,North America,Technology
7,Contoso Customer 7,Europe,Technology
8,Contoso Customer 8,Europe,Technology
9,Contoso Customer 9,Europe,Finance
10,Contoso Customer 10,North America,Technology
11,Contoso Customer 11,Europe,Retail
12,Contoso Customer 12,APAC,Travel
13,Contoso Customer 13,Europe,Finance
14,Contoso Customer 14,Europe,Retail
15,Contoso Customer 15,North America,Retail
16,Contoso Customer 16,North America,Travel
17,Contoso Customer 17,APAC,Retail
18,Contoso Customer 18,North America,Travel
19,Contoso Customer 19,North America,Finance
20,Contoso Customer 20,North America,Finance
21,Contoso Customer 21,APAC,Finance
22,Contoso Customer 22,Europe,Technology
23,Contoso Customer 23,North America,Finance
24,Contoso Customer 24,North America,Travel
25,Contoso Customer 25,North America,Technology
26,Contoso Customer 26,APAC,Finance
27,Contoso Customer 27,North America,Technology
28,Contoso Customer 28,North America,Retail
29,Contoso Customer 29,North America,Finance
30,Contoso Customer 30,APAC,Finance
31,Contoso Customer 31,North America,Travel
32,Contoso Customer 32,North America,Technology
33,Contoso Customer 33,Europe,Retail
34,Contoso Customer 34,APAC,Technology
35,Contoso Customer 35,North America,Technology
36,Contoso Customer 36,North America,Retail
37,Contoso Customer 37,North America,Technology
38,Contoso Customer 38,APAC,Technology
39,Contoso Customer 39,Europe,Retail
40,Contoso Customer 40,Europe,Finance
41,Contoso Customer 41,Europe,Travel
42,Contoso Customer 42,Europe,Technology
43,Contoso Customer 43,Europe,Finance
44,Contoso Customer 44,Europe,Technology
45,Contoso Customer 45,North America,Finance
46,Contoso Customer 46,Europe,Travel
47,Contoso Customer 47,Europe,Travel
48,Contoso Customer 48,North America,Travel
49,Contoso Customer 49,Europe,Technology
50,Contoso Customer 50,Europe,Finance
51,Contoso Customer 51,Europe,Finance
52,Contoso Customer 52,Europe,Travel
53,Contoso Customer 53,Europe,Technology
54,Contoso Customer 54,North America,Retail
55,Contoso Customer 55,North America,Retail
56,Contoso Customer 56,Europe,Retail
57,Contoso Customer 57,APAC,Finance
58,Contoso Customer 58,North America,Technology
59,Contoso Customer 59,North America,Retail
60,Contoso Customer 60,North America,Retail
61,Contoso Customer 61,North America,Technology
62,Contoso Customer 62,APAC,Travel
63,Contoso Customer 63,APAC,Travel
64,Contoso Customer 64,Europe,Finance
65,Contoso Customer 65,APAC,Technology
66,Contoso Customer 66,APAC,Technology
67,Contoso Customer 67,APAC,Technology
68,Contoso Customer 68,Europe,Finance
69,Contoso Customer 69,North America,Finance
70,Contoso Customer 70,Europe,Finance
71,Contoso Customer 71,North America,Finance
72,Contoso Customer 72,Europe,Retail
73,Contoso Customer 73,Europe,Retail
74,Contoso Customer 74,North America,Technology
75,Contoso Customer 75,North America,Retail
76,Contoso Customer 76,North America,Finance
77,Contoso Customer 77,Europe,Finance
78,Contoso Customer 78,North America,Retail
79,Contoso Customer 79,Europe,Travel
80,Contoso Customer 80,Europe,Technology
81,Contoso Customer 81,APAC,Travel
82,Contoso Customer 82,North America,Travel
83,Contoso Customer 83,North America,Technology
84,Contoso Customer 84,Europe,Travel
85,Contoso Customer 85,Europe,Retail
86,Contoso Customer 86,North America,Travel
87,Contoso Customer 87,Europe,Retail
88,Contoso Customer 88,North America,Technology
89,Contoso Customer 89,North America,Retail
90,Contoso Customer 90,Europe,Travel
91,Contoso Customer 91,APAC,Travel
92,Contoso Customer 92,North America,Retail
93,Contoso Customer 93,North America,Travel
94,Contoso Customer 94,APAC,Technology
95,Contoso Customer 95,Europe,Finance
96,Contoso Customer 96,North America,Finance
97,Contoso Customer 97,Europe,Retail
98,Contoso Customer 98,APAC,Retail
99,Contoso Customer 99,APAC,Retail
100,Contoso Customer 100,APAC,Finance
