BookingId,AccountId,RepId,ProductId,BookingDate,RevenueAmount
1,75,15,3,2025-09-29,1810.0
2,75,15,3,2025-10-16,1650.0
3,75,15,3,2025-11-03,1400.0
4,88,10,3,2024-12-04,2240.0
5,88,10,3,2024-12-26,2740.0
6,88,10,3,2024-12-13,2700.0
7,30,16,2,2025-01-02,960.0
8,30,16,2,2024-11-27,1290.0
9,30,16,2,2025-01-02,1110.0
10,38,2,2,2025-08-26,1270.0
11,38,2,2,2025-08-14,3430.0
12,60,11,3,2025-07-12,2980.0
13,33,13,1,2025-08-15,2120.0
14,33,13,1,2025-07-07,900.0
15,22,2,3,2026-01-15,1010.0
16,22,2,3,2025-12-28,1660.0
17,60,19,3,2026-04-09,1750.0
18,60,19,3,2026-05-12,2780.0
19,62,6,3,2026-03-15,620.0
20,62,6,3,2026-02-16,930.0
21,55,15,2,2026-01-23,3350.0
22,73,7,3,2025-08-19,1380.0
23,73,7,3,2025-08-28,1130.0
24,14,14,2,2025-04-24,1260.0
25,14,14,2,2025-04-11,1000.0
26,14,14,2,2025-05-13,1090.0
27,90,12,3,2026-06-15,890.0
28,90,12,3,2026-05-27,830.0
29,90,12,3,2026-06-20,1020.0
30,53,13,3,2025-03-26,710.0
31,53,13,3,2025-02-25,830.0
32,84,17,3,2026-08-08,1390.0
33,84,17,3,2026-07-25,1340.0
34,47,4,1,2025-12-17,2480.0
35,35,15,1,2025-09-11,3930.0
36,36,16,2,2025-04-28,2500.0
37,50,14,3,2026-05-10,10290.0
38,44,20,1,2026-03-04,830.0
39,44,20,1,2026-04-10,760.0
40,44,20,1,2026-03-12,980.0
41,48,6,2,2026-02-04,1470.0
42,48,6,2,2025-12-26,1850.0
43,15,4,3,2026-02-15,990.0
44,15,4,3,2026-02-16,2780.0
45,53,13,2,2025-03-04,670.0
46,53,13,2,2025-03-15,600.0
47,53,13,2,2025-02-22,400.0
48,60,20,2,2025-09-15,3350.0
49,41,15,3,2025-11-15,2340.0
50,41,15,3,2025-11-15,1280.0
51,41,15,3,2025-11-23,1190.0
52,29,4,1,2026-01-08,4900.0
53,65,19,1,2024-12-23,1680.0
54,65,19,1,2025-02-18,1790.0
55,9,6,1,2026-01-19,15600.0
56,1,15,1,2025-02-21,2170.0
57,1,15,1,2025-03-01,750.0
58,88,20,2,2025-08-24,580.0
59,88,20,2,2025-09-23,920.0
60,88,20,2,2025-09-14,920.0
61,5,5,2,2025-11-12,5150.0
62,41,4,2,2025-07-03,1290.0
63,41,4,2,2025-07-02,3240.0
64,41,4,2,2025-07-12,3850.0
65,72,10,1,2025-03-19,9390.0
66,12,9,2,2025-03-21,680.0
67,12,9,2,2025-04-06,560.0
68,12,9,2,2025-04-08,280.0
69,48,4,3,2026-01-09,2290.0
70,48,4,3,2025-11-29,1690.0
71,48,4,3,2025-12-02,3010.0
72,88,3,3,2025-04-16,2290.0
73,86,10,1,2025-04-25,6480.0
74,86,10,1,2025-03-19,8280.0
75,91,2,3,2025-07-22,2060.0
76,91,2,3,2025-07-01,1770.0
77,99,16,3,2025-02-22,4720.0
78,99,16,3,2025-01-22,3390.0
79,47,16,3,2025-04-28,2740.0
80,47,16,3,2025-05-17,3050.0
81,90,11,1,2025-06-28,1800.0
82,90,11,1,2025-05-22,4220.0
83,90,11,1,2025-06-03,2990.0
84,27,7,2,2026-02-26,1280.0
85,27,7,2,2026-02-27,1240.0
86,27,7,2,2026-04-18,1100.0
87,77,11,2,2025-10-24,1870.0
88,77,11,2,2025-11-01,880.0
89,96,10,3,2025-08-02,5920.0
90,94,4,3,2025-05-31,1820.0
91,94,4,3,2025-06-17,2390.0
92,23,12,3,2025-06-20,12020.0
93,15,19,1,2025-08-21,6470.0
94,43,11,1,2026-06-04,6850.0
95,13,11,1,2025-02-24,1420.0
96,13,11,1,2025-02-07,830.0
97,13,11,1,2025-03-07,950.0
98,32,11,1,2025-02-25,1100.0
99,32,11,1,2025-01-26,1530.0
100,32,11,1,2025-02-06,810.0
101,71,13,2,2025-09-25,1490.0
102,71,13,2,2025-09-21,1130.0
103,86,12,3,2025-10-08,670.0
104,86,12,3,2025-09-14,790.0
105,86,12,3,2025-10-20,1130.0
106,66,10,1,2025-11-12,1130.0
107,42,17,3,2025-06-06,1530.0
108,42,17,3,2025-06-20,2030.0
109,84,10,2,2026-05-01,1070.0
110,84,10,2,2026-04-08,1270.0
111,30,8,3,2026-01-21,1740.0
112,30,8,3,2026-02-01,1610.0
113,62,1,1,2025-07-21,1300.0
114,62,1,1,2025-06-20,1070.0
115,62,1,1,2025-06-24,900.0
116,92,9,2,2026-03-17,1440.0
117,92,9,2,2026-04-12,960.0
118,62,15,1,2025-09-19,1140.0
119,97,5,2,2025-04-08,750.0
120,97,5,2,2025-03-09,600.0
121,97,5,2,2025-04-08,1640.0
122,62,12,2,2025-05-05,1150.0
123,62,12,2,2025-04-27,430.0
124,24,10,3,2026-01-19,4560.0
125,32,20,2,2025-03-28,5720.0
126,58,4,3,2025-10-15,13720.0
127,52,2,3,2026-02-21,730.0
128,52,2,3,2026-01-26,2340.0
129,2,15,3,2025-10-24,3260.0
130,81,20,3,2025-04-30,1720.0
131,81,20,3,2025-03-23,2250.0
132,81,20,3,2025-05-15,4210.0
133,92,14,1,2024-11-27,1380.0
134,92,14,1,2024-11-07,730.0
135,92,14,1,2024-12-18,640.0
136,97,2,3,2026-03-12,1430.0
137,97,2,3,2026-03-22,1770.0
138,97,2,3,2026-04-01,700.0
139,19,6,1,2026-01-17,3430.0
140,19,6,1,2026-01-15,5100.0
141,19,6,1,2026-01-14,5510.0
142,69,16,1,2025-07-09,440.0
143,69,16,1,2025-06-06,910.0
144,69,16,1,2025-07-01,530.0
145,11,19,3,2025-03-30,1830.0
146,11,19,3,2025-05-14,1750.0
147,11,19,3,2025-04-27,1710.0
148,97,7,3,2025-06-16,810.0
149,97,7,3,2025-06-11,570.0
150,97,7,3,2025-05-15,1210.0
151,70,12,1,2026-02-24,3100.0
152,70,12,1,2026-03-23,4410.0
153,80,16,1,2025-12-14,13740.0
154,20,14,1,2025-08-31,3130.0
155,59,7,3,2026-01-18,4740.0
156,36,14,3,2025-05-28,1420.0
157,36,14,3,2025-04-09,1450.0
158,90,12,2,2025-05-11,2990.0
159,1,15,2,2026-06-04,1590.0
160,1,15,2,2026-06-05,1350.0
161,1,15,2,2026-06-19,1010.0
162,42,20,2,2025-07-29,2460.0
163,42,20,2,2025-07-07,2310.0
164,42,20,2,2025-07-15,1910.0
165,99,3,2,2025-07-22,2240.0
166,60,2,2,2025-10-14,3580.0
167,69,20,3,2025-09-12,360.0
168,69,20,3,2025-09-22,820.0
169,69,20,3,2025-10-20,720.0
170,32,11,1,2025-12-18,4180.0
171,32,11,1,2025-12-12,3720.0
172,99,15,1,2026-01-27,650.0
173,99,15,1,2026-02-06,1270.0
174,19,11,2,2025-01-15,5070.0
175,33,15,1,2025-03-23,7990.0
176,24,1,1,2025-07-14,2120.0
177,24,1,1,2025-06-11,770.0
178,99,1,1,2025-07-25,900.0
179,99,1,1,2025-07-11,1060.0
180,99,1,1,2025-08-04,1430.0
181,93,3,1,2026-02-01,1100.0
182,93,3,1,2026-02-22,3330.0
183,61,9,1,2025-08-20,4080.0
184,41,7,3,2025-10-28,1550.0
185,41,7,3,2025-09-21,800.0
186,41,7,3,2025-10-20,1220.0
187,33,6,1,2025-02-15,1660.0
188,33,6,1,2025-02-04,1370.0
189,33,6,1,2025-02-10,730.0
190,14,13,2,2025-08-05,1310.0
191,14,13,2,2025-07-03,1200.0
192,48,13,3,2025-12-15,15030.0
193,8,20,2,2025-01-03,850.0
194,8,20,2,2025-01-25,1040.0
195,8,20,2,2025-02-10,570.0
196,33,19,1,2024-12-14,230.0
197,33,19,1,2024-11-11,530.0
198,33,19,1,2024-12-10,590.0
199,48,8,1,2025-01-12,390.0
200,48,8,1,2025-01-27,1200.0
201,48,8,1,2025-03-05,730.0
202,76,20,3,2025-10-13,3100.0
203,76,20,3,2025-10-13,2690.0
204,76,20,3,2025-11-20,2020.0
205,59,8,2,2024-12-22,1470.0
206,59,8,2,2024-11-18,3200.0
207,51,13,2,2025-05-14,2500.0
208,54,9,3,2026-04-28,3190.0
209,54,9,3,2026-05-22,6190.0
210,27,19,3,2025-05-21,1410.0
211,27,19,3,2025-05-09,870.0
212,30,12,3,2025-06-15,980.0
213,30,12,3,2025-05-25,1710.0
214,19,11,2,2026-06-03,7490.0
215,46,7,3,2025-07-06,1890.0
216,46,7,3,2025-05-31,810.0
217,46,7,3,2025-06-22,2280.0
218,99,6,1,2026-03-16,3790.0
219,99,6,1,2026-01-30,2700.0
220,99,6,1,2026-02-16,3660.0
221,63,11,2,2025-10-31,610.0
222,63,11,2,2025-11-28,1360.0
223,18,20,1,2025-11-09,700.0
224,18,20,1,2025-11-25,850.0
225,18,20,1,2025-11-03,1530.0
226,46,11,3,2026-01-20,2430.0
227,27,1,2,2025-07-26,720.0
228,27,1,2,2025-08-22,810.0
229,27,1,2,2025-08-02,530.0
230,2,4,2,2025-04-06,1620.0
231,2,4,2,2025-03-17,1980.0
232,9,17,3,2026-03-09,2680.0
233,9,17,3,2026-02-13,3410.0
234,99,14,2,2025-01-21,760.0
235,99,14,2,2025-02-12,710.0
236,99,14,2,2025-02-28,1140.0
237,92,6,3,2025-06-05,4500.0
238,63,4,2,2025-02-28,1130.0
239,58,18,1,2025-03-25,9210.0
240,70,18,3,2025-08-28,1090.0
241,70,18,3,2025-08-03,2800.0
242,97,18,3,2024-12-31,920.0
243,97,18,3,2025-01-14,1480.0
244,5,4,2,2026-04-19,850.0
245,5,4,2,2026-05-09,1960.0
246,52,4,2,2026-07-30,1100.0
247,52,4,2,2026-07-28,3080.0
248,52,4,2,2026-09-17,3280.0
249,13,2,3,2025-08-09,530.0
250,13,2,3,2025-08-15,530.0
251,13,2,3,2025-07-22,1030.0
252,90,12,1,2026-04-22,790.0
253,90,12,1,2026-05-21,1450.0
254,62,8,1,2026-01-21,5360.0
255,62,8,1,2026-01-23,2460.0
256,58,10,1,2026-03-13,17240.0
257,16,12,2,2025-10-04,3030.0
258,16,12,2,2025-10-10,4130.0
259,64,11,3,2025-08-22,1800.0
260,64,11,3,2025-08-28,1020.0
261,64,11,3,2025-09-29,1940.0
262,16,7,2,2024-12-17,3320.0
263,16,7,2,2024-11-11,3860.0
264,51,11,1,2025-04-02,8990.0
265,92,1,2,2026-02-13,10770.0
266,90,2,1,2026-01-31,940.0
267,90,2,1,2026-01-16,1970.0
268,48,6,3,2025-06-03,280.0
269,48,6,3,2025-04-30,770.0
270,48,6,3,2025-05-23,730.0
271,34,5,3,2025-04-30,750.0
272,34,5,3,2025-05-07,460.0
273,95,10,2,2025-10-18,11650.0
274,92,15,1,2025-12-08,2590.0
275,24,3,1,2026-04-09,5720.0
276,12,8,2,2025-09-01,2670.0
277,12,8,2,2025-09-14,2190.0
278,33,15,2,2025-05-31,5730.0
279,61,19,1,2025-01-31,1860.0
280,43,13,1,2025-10-19,3440.0
281,33,3,2,2026-01-02,18140.0
282,43,14,1,2026-04-16,6390.0
283,12,7,1,2026-02-21,3000.0
284,12,7,1,2026-01-28,3310.0
285,87,5,3,2025-07-05,3500.0
286,87,5,3,2025-07-15,3480.0
287,81,12,1,2025-03-07,2160.0
288,34,17,1,2025-05-10,1890.0
289,34,17,1,2025-06-02,2170.0
290,89,9,1,2026-03-30,14490.0
291,36,14,3,2025-04-15,1420.0
292,24,15,2,2025-03-06,1780.0
293,24,15,2,2025-03-01,870.0
294,24,15,2,2025-03-09,890.0
295,12,4,3,2025-03-07,2410.0
296,13,2,2,2025-09-13,750.0
297,13,2,2,2025-08-16,630.0
298,13,2,2,2025-08-29,830.0
299,99,8,1,2026-02-08,640.0
300,99,8,1,2026-01-06,850.0
301,99,8,1,2026-02-24,1100.0
302,59,20,2,2025-03-01,2760.0
303,59,20,2,2025-03-15,1860.0
304,76,18,1,2025-04-20,1160.0
305,76,18,1,2025-05-18,2250.0
306,78,13,3,2025-01-03,2460.0
307,12,14,2,2025-05-02,940.0
308,12,14,2,2025-05-12,770.0
309,12,14,2,2025-04-10,1500.0
310,100,9,3,2025-08-05,5260.0
311,39,18,1,2025-04-02,740.0
312,39,18,1,2025-04-13,920.0
313,39,18,1,2025-03-23,1000.0
314,42,1,3,2026-06-12,8850.0
315,14,17,1,2026-06-15,3480.0
316,93,8,1,2025-07-20,1120.0
317,93,8,1,2025-06-14,2840.0
318,93,8,1,2025-06-26,1390.0
319,18,6,1,2025-12-04,2370.0
320,18,6,1,2025-12-16,2850.0
321,18,6,1,2025-11-16,2590.0
322,9,16,2,2025-09-23,700.0
323,9,16,2,2025-09-24,800.0
324,9,16,2,2025-09-02,700.0
325,5,11,3,2025-07-13,1190.0
326,5,11,3,2025-06-17,1530.0
327,5,11,3,2025-06-08,730.0
328,65,7,1,2025-02-09,2480.0
329,86,13,2,2025-01-19,2520.0
330,89,19,2,2024-11-04,1670.0
331,89,19,2,2024-11-14,2760.0
332,19,18,3,2025-05-05,1950.0
333,19,18,3,2025-05-09,2350.0
334,54,20,2,2025-09-25,11090.0
335,91,9,1,2025-07-03,14200.0
336,92,2,3,2026-03-19,660.0
337,92,2,3,2026-03-24,1530.0
338,92,2,3,2026-03-11,1160.0
339,72,18,1,2025-10-23,3380.0
340,72,18,1,2025-11-24,2150.0
341,62,11,3,2026-05-27,17510.0
342,63,14,2,2025-02-21,2640.0
343,25,2,3,2024-12-13,1750.0
344,25,2,3,2024-11-17,1250.0
345,25,2,3,2024-11-20,2610.0
346,56,8,1,2025-07-28,6890.0
347,38,3,2,2025-11-04,1460.0
348,38,3,2,2025-10-24,1470.0
349,38,3,2,2025-12-13,1460.0
350,6,1,1,2025-06-28,1060.0
351,6,1,1,2025-07-06,1710.0
352,6,1,1,2025-06-01,1130.0
353,61,3,1,2026-03-20,1280.0
354,61,3,1,2026-03-17,3140.0
355,80,13,2,2025-04-05,10700.0
356,19,2,2,2025-04-04,1220.0
357,19,2,2,2025-03-19,1960.0
358,19,2,2,2025-03-26,1260.0
359,18,16,2,2025-06-22,1920.0
360,18,16,2,2025-06-25,4260.0
361,49,9,3,2026-03-23,1180.0
362,75,2,2,2025-08-19,3810.0
363,74,6,2,2025-01-31,1680.0
364,74,6,2,2025-03-26,1940.0
365,72,16,2,2025-12-04,6110.0
366,72,16,2,2025-12-29,6430.0
367,92,20,2,2024-11-28,5430.0
368,36,18,1,2025-07-25,770.0
369,36,18,1,2025-07-30,2680.0
370,90,20,1,2025-08-05,3930.0
371,50,8,3,2026-02-02,8840.0
372,73,20,1,2025-06-16,820.0
373,73,20,1,2025-07-28,700.0
374,6,4,2,2025-08-08,1300.0
375,82,10,2,2025-05-05,1190.0
376,82,10,2,2025-03-22,1150.0
377,82,10,2,2025-05-14,450.0
378,66,8,1,2025-09-14,1670.0
379,33,11,3,2026-06-15,1010.0
380,33,11,3,2026-06-11,1200.0
381,96,10,1,2025-11-07,4240.0
382,49,2,1,2025-12-17,5230.0
383,49,2,1,2025-11-15,3300.0
384,49,2,1,2025-12-21,2920.0
385,1,19,2,2025-07-23,2570.0
386,23,6,3,2025-01-13,570.0
387,23,6,3,2024-12-24,980.0
388,37,3,2,2025-04-30,1610.0
389,37,3,2,2025-03-17,1270.0
390,37,3,2,2025-03-05,1230.0
391,74,11,2,2025-06-01,11720.0
392,45,4,1,2026-07-27,2020.0
393,45,4,1,2026-06-23,2120.0
394,45,4,1,2026-07-23,2040.0
395,77,15,1,2026-07-25,2220.0
396,26,17,3,2026-01-24,4830.0
397,26,17,3,2026-03-13,4720.0
398,3,8,2,2025-04-30,840.0
399,3,8,2,2025-05-17,2070.0
400,3,8,2,2025-05-22,1020.0
401,50,19,3,2026-03-27,5330.0
402,50,19,3,2026-04-03,4530.0
403,65,18,2,2025-10-12,6490.0
404,54,16,3,2025-04-30,880.0
405,54,16,3,2025-05-15,720.0
406,54,16,3,2025-05-07,640.0
407,94,19,3,2026-03-21,7890.0
408,47,13,2,2025-08-13,7440.0
409,23,7,1,2026-01-16,1290.0
410,23,7,1,2026-02-02,880.0
411,38,17,3,2025-12-10,6130.0
412,98,11,3,2025-03-26,3600.0
413,98,11,3,2025-03-10,1690.0
414,50,2,1,2025-09-16,2400.0
415,30,6,1,2025-01-24,1990.0
416,30,6,1,2025-01-27,2320.0
417,30,6,1,2025-01-23,950.0
418,91,19,1,2026-04-02,3270.0
419,91,19,1,2026-03-19,2430.0
420,91,19,1,2026-02-24,2840.0
421,63,7,1,2026-02-22,1760.0
422,63,7,1,2026-02-23,1570.0
423,63,7,1,2026-02-10,1430.0
424,97,16,2,2025-02-17,4980.0
425,97,16,2,2025-02-22,5580.0
426,97,16,2,2025-02-15,4810.0
427,81,8,3,2026-03-29,7190.0
428,29,3,1,2026-03-24,9660.0
429,4,3,3,2026-04-22,2270.0
430,4,3,3,2026-04-02,1890.0
431,4,3,3,2026-04-24,1100.0
432,10,13,3,2025-08-12,1120.0
433,10,13,3,2025-09-25,1110.0
434,10,13,3,2025-09-18,1080.0
435,17,16,2,2025-10-10,3300.0
436,17,16,2,2025-12-02,3650.0
437,34,9,2,2025-02-02,2760.0
438,34,9,2,2025-02-11,2820.0
439,34,9,2,2025-03-29,2010.0
440,6,11,2,2025-05-20,2220.0
441,6,11,2,2025-04-14,1950.0
442,53,10,2,2025-04-25,4660.0
443,77,18,2,2025-09-24,1800.0
444,80,3,2,2025-05-09,2720.0
445,27,20,1,2026-03-28,380.0
446,27,20,1,2026-03-04,410.0
447,27,20,1,2026-04-29,420.0
448,50,14,3,2025-04-03,440.0
449,50,14,3,2025-05-19,940.0
450,50,14,3,2025-05-17,550.0
451,19,15,1,2025-08-12,7910.0
452,34,13,3,2026-04-12,2610.0
453,78,2,3,2025-03-04,2980.0
454,78,2,3,2025-03-02,2780.0
455,90,15,2,2025-02-28,1110.0
456,90,15,2,2025-04-10,2450.0
457,47,7,1,2026-01-09,6620.0
458,94,8,2,2025-03-25,1380.0
459,94,8,2,2025-04-14,3440.0
460,8,16,2,2026-03-06,1470.0
461,8,16,2,2026-03-22,3340.0
462,79,11,3,2025-02-13,7630.0
463,56,16,2,2025-12-29,4040.0
464,90,7,3,2025-02-06,2200.0
465,57,14,2,2025-07-08,2750.0
466,57,14,2,2025-08-23,1590.0
467,17,1,3,2025-04-17,920.0
468,17,1,3,2025-04-26,1180.0
469,17,1,2,2025-04-08,1060.0
470,17,1,2,2025-06-01,530.0
471,17,1,2,2025-06-04,700.0
472,8,2,3,2025-10-26,3050.0
473,40,18,1,2024-11-15,2120.0
474,40,18,1,2024-11-26,1730.0
475,6,18,3,2025-12-05,2560.0
476,6,18,3,2025-12-24,3840.0
477,26,17,2,2025-11-22,460.0
478,26,17,2,2025-12-05,320.0
479,26,17,2,2025-12-10,210.0
480,59,7,2,2024-12-19,3390.0
481,22,2,1,2025-05-05,7600.0
482,21,4,3,2026-04-06,1240.0
483,21,4,3,2026-03-10,790.0
484,94,10,2,2025-09-01,11290.0
485,75,7,2,2026-02-20,7030.0
486,62,8,2,2026-02-01,8120.0
487,94,1,1,2025-05-27,4710.0
488,24,14,2,2026-01-30,7180.0
489,55,17,1,2026-02-14,440.0
490,55,17,1,2026-04-08,490.0
491,9,20,2,2025-12-01,1060.0
492,9,20,2,2025-11-24,1230.0
493,9,20,2,2025-12-26,1220.0
494,31,11,1,2025-06-07,5410.0
495,24,15,1,2025-05-12,270.0
496,24,15,1,2025-05-06,290.0
497,6,10,3,2026-05-12,5980.0
498,6,10,3,2026-03-29,4070.0
499,92,6,3,2025-07-31,910.0
500,92,6,3,2025-07-05,1090.0
501,92,6,3,2025-07-23,590.0
502,75,20,2,2025-10-17,4930.0
503,6,1,3,2025-05-11,5550.0
504,62,15,1,2025-08-06,3580.0
505,75,11,1,2025-07-07,4560.0
506,75,11,1,2025-06-22,3290.0
507,45,10,1,2025-05-08,4090.0
508,44,2,1,2025-01-31,850.0
509,44,2,1,2025-02-09,570.0
510,44,2,1,2025-01-11,710.0
511,70,16,1,2025-03-10,1740.0
512,70,16,1,2025-03-17,1990.0
513,19,6,3,2025-04-19,1860.0
514,19,6,3,2025-05-24,1370.0
515,12,3,3,2026-02-04,1240.0
516,12,3,3,2026-03-22,760.0
517,37,20,1,2026-04-30,3970.0
518,37,20,1,2026-04-14,3520.0
519,100,5,1,2025-03-25,1600.0
520,100,5,1,2025-05-09,3010.0
521,100,5,1,2025-04-10,1870.0
522,5,16,1,2025-03-12,1810.0
523,5,16,1,2025-03-06,1310.0
524,5,16,1,2025-03-26,1530.0
525,49,10,3,2025-09-02,1990.0
526,49,10,3,2025-10-02,2370.0
527,69,18,2,2025-12-26,3360.0
528,69,18,2,2025-12-28,1400.0
529,78,6,3,2024-10-25,400.0
530,78,6,3,2024-10-17,1460.0
531,1,18,3,2026-09-16,3140.0
532,1,18,3,2026-07-24,5320.0
533,40,6,2,2026-04-07,12570.0
534,60,13,2,2025-07-31,1550.0
535,60,13,2,2025-07-07,1780.0
536,60,13,2,2025-07-12,1300.0
537,64,7,1,2026-07-24,930.0
538,64,7,1,2026-06-13,610.0
539,64,7,1,2026-07-01,890.0
540,72,12,3,2026-05-20,460.0
541,72,12,3,2026-05-18,1340.0
542,72,12,3,2026-04-19,850.0
543,60,4,1,2026-04-24,2250.0
544,60,4,1,2026-05-17,3090.0
545,60,4,1,2026-03-19,1570.0
546,85,2,2,2025-08-29,510.0
547,85,2,2,2025-09-13,510.0
548,85,2,2,2025-08-25,750.0
549,5,16,1,2025-07-08,2420.0
550,5,16,1,2025-07-18,2430.0
551,5,16,1,2025-06-22,2210.0
552,78,16,1,2025-04-05,2890.0
553,78,16,1,2025-03-28,4560.0
554,4,15,1,2025-08-05,23400.0
555,38,9,3,2025-03-25,6110.0
556,23,14,1,2025-09-08,1720.0
557,23,14,1,2025-10-23,1430.0
558,23,14,1,2025-09-29,1350.0
559,51,10,3,2024-12-21,1560.0
560,51,10,3,2025-01-05,5400.0
561,70,10,3,2025-11-25,1000.0
562,70,10,3,2026-01-17,780.0
563,70,10,3,2025-12-08,890.0
564,6,19,2,2025-05-14,4010.0
565,6,19,2,2025-06-22,3580.0
566,72,15,3,2025-12-02,2170.0
567,72,15,3,2025-12-09,1540.0
568,72,15,3,2025-12-17,1260.0
569,29,2,1,2025-09-22,2520.0
570,38,1,3,2025-10-31,850.0
571,38,1,3,2025-11-04,770.0
572,38,1,3,2025-12-12,540.0
573,57,11,2,2025-03-13,1000.0
574,57,11,2,2025-03-06,660.0
575,57,11,2,2025-02-13,1450.0
576,5,14,3,2026-05-15,3700.0
577,5,14,3,2026-04-10,3680.0
578,13,2,3,2024-11-23,3490.0
579,13,2,3,2024-12-03,3690.0
580,31,9,1,2025-03-09,970.0
581,31,9,1,2025-02-15,780.0
582,31,9,1,2025-02-16,670.0
583,47,4,1,2025-10-18,1700.0
584,47,4,1,2025-09-19,1930.0
585,47,4,1,2025-09-17,2250.0
586,88,17,3,2026-02-20,7800.0
587,56,16,1,2025-10-07,1120.0
588,56,16,1,2025-10-18,710.0
589,56,16,1,2025-10-15,910.0
590,8,18,2,2025-11-10,2610.0
591,47,17,3,2025-05-12,9600.0
592,76,10,2,2025-01-10,1500.0
593,76,10,2,2025-01-11,1610.0
594,95,13,1,2026-02-23,920.0
595,36,17,3,2025-11-11,4580.0
596,36,17,3,2025-10-23,12380.0
597,74,15,3,2025-11-30,8600.0
598,46,5,1,2025-06-01,1250.0
599,46,5,1,2025-07-16,730.0
600,46,5,1,2025-06-02,760.0
601,89,3,3,2025-03-28,710.0
602,89,3,3,2025-03-13,580.0
603,89,3,3,2025-03-23,720.0
604,43,10,1,2026-05-06,650.0
605,43,10,1,2026-04-24,550.0
606,43,10,1,2026-05-01,780.0
607,76,19,1,2026-04-06,1020.0
608,76,19,1,2026-04-08,990.0
609,76,19,1,2026-04-16,420.0
610,68,12,2,2026-03-23,2190.0
611,72,17,3,2025-02-13,2890.0
612,72,17,3,2025-01-13,3060.0
613,23,4,2,2025-10-29,2120.0
614,23,4,2,2025-09-29,2160.0
615,23,4,2,2025-09-25,1930.0
616,54,16,3,2026-03-10,620.0
617,54,16,3,2026-03-25,1080.0
618,54,16,3,2026-04-30,760.0
619,87,8,1,2026-01-19,890.0
620,87,8,1,2026-02-24,1100.0
621,54,20,1,2025-04-07,1580.0
622,21,14,2,2026-07-07,1670.0
623,21,14,2,2026-06-27,2370.0
624,41,4,3,2024-12-30,6660.0
625,7,1,3,2026-01-12,8020.0
626,24,9,2,2025-02-03,6870.0
627,52,17,1,2025-01-20,1300.0
628,52,17,1,2025-02-24,1110.0
629,29,14,3,2026-07-06,4860.0
630,29,14,3,2026-06-02,3610.0
631,63,3,2,2024-11-20,2580.0
632,63,3,2,2024-11-03,1980.0
633,63,3,2,2024-11-24,2490.0
634,49,12,2,2025-12-13,2100.0
635,49,12,2,2026-06-29,3700.0
636,49,12,2,2026-07-02,1680.0
637,49,12,2,2026-05-25,3490.0
638,51,6,1,2025-06-20,2730.0
639,51,6,1,2025-06-14,3650.0
640,56,20,3,2026-04-22,1660.0
641,56,20,3,2026-04-15,1260.0
642,56,20,3,2026-04-27,860.0
643,62,5,1,2026-04-10,22100.0
644,32,16,3,2025-09-22,1040.0
645,32,16,3,2025-10-02,1580.0
646,32,16,3,2025-09-08,1830.0
647,1,6,3,2025-03-17,1430.0
648,1,6,3,2025-03-14,1350.0
649,1,6,3,2025-03-08,1240.0
650,66,11,2,2024-12-03,2570.0
651,66,11,2,2024-11-06,2360.0
652,29,6,1,2026-01-03,580.0
653,29,6,1,2025-12-08,1910.0
654,32,2,1,2025-07-09,1950.0
655,32,2,1,2025-09-05,1530.0
656,32,2,1,2025-08-12,1970.0
657,10,9,2,2025-02-14,7770.0
658,83,17,3,2025-10-12,360.0
659,83,17,3,2025-09-05,370.0
660,83,17,3,2025-09-10,850.0
661,34,17,2,2026-02-17,1530.0
662,34,17,2,2026-02-02,1750.0
663,57,4,3,2025-04-30,3160.0
664,87,19,3,2025-07-10,1550.0
665,87,19,3,2025-06-30,1900.0
666,87,19,3,2025-06-18,910.0
667,72,12,2,2025-07-29,3670.0
668,54,17,1,2025-09-19,7340.0
669,51,2,1,2025-10-22,1700.0
670,51,2,1,2025-10-23,2140.0
671,92,8,1,2025-08-06,3160.0
672,92,8,1,2025-06-24,2650.0
673,8,19,3,2025-02-13,8880.0
674,8,19,3,2025-01-16,3120.0
675,68,20,2,2025-02-19,3640.0
676,68,20,2,2025-01-21,6350.0
677,7,12,2,2025-04-16,17850.0
678,36,6,1,2025-09-21,8370.0
679,47,19,3,2025-05-27,420.0
680,47,19,3,2025-06-15,370.0
681,47,19,3,2025-05-30,560.0
682,69,18,3,2026-07-24,2200.0
683,20,6,3,2026-02-25,2390.0
684,20,6,3,2026-02-04,1550.0
685,87,6,1,2025-01-02,14190.0
686,94,16,1,2025-07-25,10040.0
687,9,10,1,2025-06-28,440.0
688,9,10,1,2025-05-20,540.0
689,9,10,1,2025-06-10,470.0
690,53,14,3,2025-10-09,8800.0
691,81,18,3,2025-09-25,1340.0
692,81,18,3,2025-10-25,1600.0
693,81,18,3,2025-09-14,1990.0
694,22,19,3,2026-04-22,420.0
695,22,19,3,2026-05-26,520.0
696,22,19,3,2026-05-09,580.0
697,58,14,1,2026-03-10,4180.0
698,100,15,1,2025-07-18,3760.0
699,100,15,1,2025-07-20,3370.0
700,37,19,2,2025-12-25,2980.0
701,25,18,1,2025-03-19,1020.0
702,25,18,1,2025-04-09,1210.0
703,25,18,1,2025-04-03,1140.0
704,76,5,1,2025-01-29,3040.0
705,76,5,1,2025-02-16,2060.0
706,85,1,3,2024-11-20,2790.0
707,85,1,3,2024-09-27,2000.0
708,27,12,2,2026-05-29,4390.0
709,57,2,1,2026-08-18,12050.0
710,92,13,2,2024-11-03,1570.0
711,92,13,2,2024-10-16,990.0
712,64,2,2,2025-10-26,3480.0
713,64,2,2,2025-10-31,3550.0
714,36,9,1,2025-11-12,4910.0
715,36,9,1,2025-11-11,1360.0
716,59,13,2,2025-06-29,530.0
717,59,13,2,2025-07-01,1400.0
718,39,9,1,2026-06-24,1460.0
719,39,9,1,2026-06-26,1090.0
720,39,9,1,2026-05-08,1170.0
721,69,3,3,2025-12-27,1680.0
722,69,3,3,2025-12-27,1430.0
723,56,15,2,2025-07-15,1870.0
724,56,15,2,2025-07-20,2030.0
725,26,13,3,2026-08-09,1660.0
726,66,13,1,2024-12-23,2160.0
727,66,13,1,2025-01-04,1540.0
728,66,13,1,2025-01-11,2090.0
729,40,8,1,2026-03-22,1110.0
730,40,8,1,2026-02-27,1230.0
731,3,16,2,2025-11-06,3280.0
732,19,3,3,2026-01-05,8460.0
733,61,2,1,2026-03-31,7210.0
734,47,16,3,2025-11-30,3580.0
735,47,16,3,2025-11-29,1270.0
736,12,14,1,2026-03-21,4250.0
737,88,6,1,2026-01-12,1730.0
738,88,6,1,2026-01-27,2090.0
739,83,4,2,2025-08-30,1050.0
740,83,4,2,2025-08-15,1020.0
741,83,4,2,2025-08-26,700.0
742,95,7,1,2025-09-19,6440.0
743,72,11,1,2025-06-07,1060.0
744,72,11,1,2025-06-20,2550.0
745,82,6,1,2024-12-02,14960.0
746,32,18,3,2025-06-22,7820.0
747,7,9,3,2025-07-08,6080.0
748,72,14,1,2026-01-12,12020.0
749,59,4,3,2026-04-16,2730.0
750,82,18,1,2025-08-06,2060.0
751,95,15,3,2026-07-05,5680.0
752,95,15,3,2026-05-28,4200.0
753,39,16,1,2025-11-13,3800.0
754,99,12,2,2025-03-19,5740.0
755,60,16,3,2026-01-30,7160.0
756,43,17,1,2026-04-13,840.0
757,43,17,1,2026-04-23,1650.0
758,55,17,3,2026-01-23,3250.0
759,87,9,3,2026-01-08,740.0
760,87,9,3,2025-12-07,580.0
761,87,9,3,2026-01-22,860.0
762,15,7,3,2025-05-21,1980.0
763,4,2,3,2026-03-19,1060.0
764,4,2,3,2026-03-22,650.0
765,4,2,3,2026-03-02,680.0
766,86,8,2,2025-08-23,4390.0
767,82,8,2,2025-01-25,880.0
768,82,8,2,2025-01-26,740.0
769,82,8,2,2025-01-28,940.0
770,55,17,1,2026-04-12,340.0
771,55,17,1,2026-03-02,650.0
772,55,17,1,2026-03-09,590.0
773,30,15,1,2025-07-23,5170.0
774,57,20,2,2025-07-16,3980.0
775,16,15,2,2025-03-17,2150.0
776,16,15,2,2025-04-21,2030.0
777,5,5,3,2025-12-21,1230.0
778,5,5,3,2025-12-20,2400.0
779,45,14,3,2025-08-18,2280.0
780,45,14,3,2025-07-23,3050.0
781,30,4,1,2025-04-19,7530.0
782,18,20,2,2025-06-03,2070.0
783,65,12,2,2026-01-10,9040.0
784,88,10,2,2024-09-22,1720.0
785,59,7,2,2026-03-03,1990.0
786,59,7,2,2026-04-14,2210.0
787,37,5,1,2026-04-03,5070.0
788,72,19,2,2025-02-03,8240.0
789,63,1,3,2026-02-19,7890.0
790,74,14,3,2025-08-30,6370.0
791,74,14,3,2025-10-01,4810.0
792,98,1,1,2025-06-13,10410.0
793,5,1,3,2025-08-30,5800.0
794,9,20,2,2026-01-12,3700.0
795,82,19,2,2025-06-28,10730.0
796,14,6,2,2025-08-11,1630.0
797,14,6,2,2025-08-30,2920.0
798,98,13,2,2026-06-24,510.0
799,98,13,2,2026-06-22,700.0
800,98,13,2,2026-05-22,460.0
801,79,2,1,2025-09-26,1010.0
802,79,2,1,2025-09-15,420.0
803,79,2,1,2025-09-23,580.0
804,72,2,1,2024-12-27,940.0
805,72,2,1,2024-12-21,1120.0
806,72,2,1,2024-11-26,700.0
807,70,7,2,2026-02-22,3100.0
808,70,7,2,2026-03-03,3150.0
809,60,7,2,2026-05-30,550.0
810,60,7,2,2026-04-22,620.0
811,60,7,2,2026-06-09,480.0
812,28,4,2,2025-06-10,3820.0
813,77,13,3,2026-02-09,4950.0
814,81,4,3,2025-07-12,1540.0
815,81,4,3,2025-08-06,1650.0
816,81,4,3,2025-07-31,870.0
817,45,5,3,2025-10-19,1560.0
818,45,5,3,2025-11-02,1280.0
819,45,5,3,2025-11-18,1120.0
820,96,12,1,2025-09-30,1620.0
821,96,12,1,2025-10-15,1840.0
822,93,9,3,2025-09-13,520.0
823,93,9,3,2025-08-10,700.0
824,93,9,3,2025-07-29,1510.0
825,56,14,1,2025-12-11,2240.0
826,77,12,3,2025-11-07,7720.0
827,33,18,1,2025-05-23,1320.0
828,33,18,1,2025-04-27,1150.0
829,40,1,3,2026-03-23,890.0
830,40,1,3,2026-03-18,510.0
831,48,19,3,2025-02-01,220.0
832,48,19,3,2025-02-01,430.0
833,48,19,3,2024-12-21,460.0
834,42,13,3,2026-03-06,10060.0
835,42,13,3,2026-03-06,7710.0
836,60,18,3,2025-10-24,690.0
837,60,18,3,2025-09-29,1190.0
838,60,18,3,2025-09-22,810.0
839,77,19,2,2026-01-25,7160.0
840,39,5,3,2025-03-14,13280.0
841,96,4,2,2025-07-26,790.0
842,96,4,2,2025-08-23,1090.0
843,96,4,2,2025-08-17,710.0
844,13,7,3,2024-12-03,5890.0
845,28,10,2,2025-10-04,3120.0
846,28,10,2,2025-10-16,1930.0
847,28,10,2,2025-09-23,1800.0
848,96,17,1,2025-08-10,2180.0
849,96,17,1,2025-07-09,970.0
850,96,17,1,2025-07-17,1020.0
851,17,7,2,2025-01-30,2230.0
852,17,7,2,2025-01-21,5340.0
853,22,6,2,2025-05-05,14050.0
854,10,6,1,2025-06-17,2680.0
855,10,6,1,2025-05-14,2840.0
856,90,2,1,2025-12-01,3630.0
857,14,14,3,2024-12-26,1660.0
858,14,14,3,2025-01-03,1670.0
859,47,18,3,2025-09-01,10020.0
860,29,5,3,2025-11-27,3750.0
861,52,10,1,2025-11-06,8990.0
862,6,7,1,2025-04-28,570.0
863,6,7,1,2025-04-04,680.0
864,32,2,2,2025-10-04,3530.0
865,32,2,2,2025-10-16,3020.0
866,58,7,3,2025-08-24,1200.0
867,58,7,3,2025-07-30,530.0
868,58,7,3,2025-08-27,450.0
869,13,6,3,2026-01-06,1260.0
870,13,6,3,2025-12-30,1170.0
871,39,4,1,2026-02-26,5110.0
872,2,16,1,2025-10-14,2670.0
873,2,16,1,2025-09-24,2600.0
874,84,8,3,2025-12-29,770.0
875,84,8,3,2026-01-19,1440.0
876,22,13,1,2025-07-05,530.0
877,22,13,1,2025-07-14,740.0
878,22,13,1,2025-06-15,450.0
879,81,13,2,2025-09-21,2050.0
880,81,13,2,2025-10-02,1100.0
881,21,8,1,2025-04-04,9200.0
882,19,13,1,2025-10-02,1270.0
883,19,13,1,2025-10-11,1160.0
884,38,11,1,2025-01-04,1080.0
885,38,11,1,2025-02-13,1330.0
886,38,11,1,2025-01-19,1300.0
887,15,13,1,2025-03-10,3120.0
888,15,13,1,2025-03-17,3760.0
889,15,13,1,2025-04-30,1610.0
890,80,12,1,2025-07-22,3790.0
891,60,1,3,2025-12-10,1050.0
892,60,1,3,2025-11-17,1070.0
893,60,1,3,2026-01-04,2490.0
894,53,3,1,2025-10-09,1440.0
895,53,3,1,2025-10-08,1950.0
896,53,3,1,2025-10-22,3780.0
897,8,5,1,2025-12-29,4830.0
898,46,10,2,2025-10-11,4200.0
899,3,2,2,2026-04-14,1060.0
900,3,2,2,2026-04-20,410.0
901,53,13,1,2025-05-26,560.0
902,53,13,1,2025-06-12,440.0
903,24,7,2,2025-04-26,1500.0
904,24,7,2,2025-04-27,1730.0
905,60,13,1,2025-01-23,930.0
906,60,13,1,2025-01-21,1390.0
907,3,2,2,2026-01-14,3460.0
908,3,2,2,2025-12-10,2970.0
909,20,6,3,2025-08-05,1430.0
910,20,6,3,2025-08-07,2970.0
911,20,6,3,2025-08-02,1200.0
912,25,2,2,2025-09-28,1170.0
913,25,2,2,2025-11-19,2950.0
914,94,18,2,2025-06-22,9510.0
915,78,16,2,2024-12-20,1160.0
916,78,16,2,2024-12-10,610.0
917,78,16,2,2025-01-17,470.0
918,71,12,3,2025-09-14,3150.0
919,71,12,3,2025-09-21,1860.0
920,60,14,3,2025-02-03,3020.0
921,60,14,3,2025-01-23,2480.0
922,77,5,2,2026-01-14,730.0
923,77,5,2,2026-03-03,460.0
924,77,5,2,2026-02-04,330.0
925,81,17,3,2026-03-13,3030.0
926,95,18,3,2026-02-27,310.0
927,95,18,3,2026-02-27,670.0
928,32,5,2,2024-10-22,1070.0
929,32,5,2,2024-10-23,1300.0
930,32,5,2,2024-11-10,1210.0
931,11,19,3,2026-01-23,1120.0
932,11,19,3,2026-01-02,1050.0
933,11,19,3,2026-02-11,840.0
934,41,3,2,2026-06-30,1630.0
935,41,3,2,2026-08-03,1330.0
936,54,7,1,2025-05-09,6720.0
937,33,7,3,2025-02-23,12450.0
938,74,10,1,2025-11-14,10080.0
939,32,6,2,2024-12-19,5410.0
940,32,6,2,2025-02-06,7090.0
941,77,19,1,2025-09-05,1660.0
942,77,19,1,2025-09-22,2870.0
943,33,19,1,2025-09-19,5300.0
944,38,11,3,2026-04-15,2760.0
945,46,6,3,2026-01-31,2660.0
946,46,6,3,2026-01-16,810.0
947,44,7,3,2026-04-14,950.0
948,44,7,3,2026-04-25,1570.0
949,44,7,3,2026-04-24,1530.0
950,61,2,3,2025-10-08,3660.0
951,6,11,1,2025-05-12,5570.0
952,6,11,1,2025-04-20,6850.0
953,73,1,1,2025-04-27,1720.0
954,73,1,1,2025-04-18,1360.0
955,73,1,1,2025-05-07,2230.0
956,8,11,3,2025-09-12,9390.0
957,62,18,1,2025-02-01,1980.0
958,62,18,1,2025-02-20,3280.0
959,62,18,1,2025-02-18,4170.0
960,84,5,2,2025-04-04,1610.0
961,84,5,2,2025-05-08,3180.0
962,26,18,1,2025-04-08,2500.0
963,12,10,3,2025-04-07,1300.0
964,12,10,3,2025-02-16,2140.0
965,70,13,3,2026-01-19,5610.0
966,22,2,2,2026-04-03,3380.0
967,56,14,3,2025-07-02,7580.0
968,59,11,2,2025-01-03,1060.0
969,59,11,2,2025-01-26,2130.0
970,74,1,2,2025-01-22,1750.0
971,74,1,2,2025-01-09,1460.0
972,74,1,2,2025-02-01,990.0
973,79,8,2,2024-12-08,830.0
974,79,8,2,2025-01-09,1650.0
975,97,14,2,2025-11-15,1820.0
976,97,14,2,2025-12-01,720.0
977,97,14,2,2025-11-23,690.0
978,85,10,1,2025-10-31,910.0
979,85,10,1,2025-11-29,570.0
980,85,10,1,2025-11-25,430.0
981,20,16,3,2026-04-10,1510.0
982,20,16,3,2026-02-28,1140.0
983,20,16,3,2026-03-19,970.0
984,24,16,1,2026-01-17,2720.0
985,24,16,1,2026-01-07,1080.0
986,24,16,1,2026-01-01,1310.0
987,50,6,3,2025-03-04,3390.0
988,49,14,1,2026-03-11,1050.0
989,96,9,1,2025-09-24,670.0
990,96,9,1,2025-09-09,1490.0
991,96,9,1,2025-08-21,1580.0
992,98,19,3,2025-10-03,1650.0
993,12,14,1,2025-06-05,2190.0
994,12,14,1,2025-04-24,1760.0
995,18,9,2,2025-10-16,570.0
996,18,9,2,2025-09-26,710.0
997,18,9,2,2025-09-05,780.0
998,97,20,2,2025-09-12,10500.0
999,99,3,2,2026-03-10,1400.0
1000,99,3,2,2026-03-08,1670.0
1001,99,3,2,2026-03-10,1820.0
1002,42,12,3,2025-07-01,3000.0
1003,42,12,3,2025-05-11,4450.0
1004,42,12,3,2025-05-26,2760.0
1005,2,16,2,2025-04-05,2390.0
1006,2,16,2,2025-03-02,3560.0
1007,41,17,3,2026-03-10,5320.0
1008,60,20,1,2025-04-27,6500.0
1009,89,9,2,2025-08-24,2910.0
1010,89,9,2,2025-08-27,1960.0
1011,89,9,2,2025-09-22,2020.0
1012,84,15,2,2025-09-18,1670.0
1013,84,15,2,2025-09-10,1790.0
1014,84,15,2,2025-08-04,1800.0
1015,17,11,3,2026-01-20,4040.0
1016,17,11,3,2026-02-24,5570.0
1017,66,13,1,2025-06-09,1270.0
1018,66,13,1,2025-06-30,1260.0
1019,66,13,1,2025-06-16,1070.0
1020,40,4,3,2025-02-09,2040.0
1021,40,4,3,2025-02-12,1480.0
1022,40,4,3,2025-02-20,1430.0
1023,56,8,2,2025-12-09,1700.0
1024,56,8,2,2025-12-03,2410.0
1025,56,8,2,2025-10-21,3420.0
1026,36,16,3,2025-12-08,3660.0
1027,36,16,3,2025-12-18,1870.0
1028,14,1,2,2026-03-12,1840.0
1029,14,1,2,2026-03-18,3130.0
1030,80,15,1,2026-08-12,1040.0
1031,80,15,1,2026-08-31,1990.0
1032,80,15,1,2026-07-21,2130.0
1033,94,3,3,2025-05-15,6950.0
1034,37,3,3,2025-02-21,2350.0
1035,37,3,3,2025-03-16,2370.0
1036,37,3,3,2025-02-11,1360.0
1037,44,5,3,2025-04-30,7050.0
1038,79,2,2,2026-02-05,2310.0
1039,79,2,2,2026-01-04,2080.0
1040,79,2,2,2026-01-08,2270.0
1041,20,4,1,2025-11-22,4850.0
1042,73,4,3,2025-06-30,3690.0
1043,73,4,3,2025-06-18,2850.0
1044,26,3,1,2025-07-20,2620.0
1045,26,3,1,2025-08-15,2510.0
1046,70,19,3,2026-04-13,6140.0
1047,51,11,2,2026-01-05,1380.0
1048,51,11,2,2026-02-01,1610.0
1049,51,11,2,2026-01-04,1250.0
1050,12,20,3,2025-03-13,1530.0
1051,12,20,3,2025-03-20,970.0
1052,12,20,3,2025-03-11,1570.0
1053,53,4,3,2026-04-15,2550.0
1054,53,4,3,2026-04-19,2660.0
1055,88,4,3,2025-04-18,4040.0
1056,57,16,3,2025-08-12,520.0
1057,57,16,3,2025-07-12,1630.0
1058,56,2,1,2025-08-30,3110.0
1059,29,14,3,2025-09-16,900.0
1060,29,14,3,2025-08-28,750.0
1061,55,20,2,2025-02-16,1360.0
1062,55,20,2,2025-02-16,1570.0
1063,33,10,1,2025-04-09,1540.0
1064,33,10,1,2025-03-28,1970.0
1065,1,10,3,2025-08-23,7110.0
1066,14,13,3,2025-10-19,3550.0
1067,14,13,3,2025-11-15,2270.0
1068,33,6,1,2025-03-08,930.0
1069,33,6,1,2025-03-21,390.0
1070,33,6,1,2025-03-28,460.0
1071,48,4,1,2025-04-03,1610.0
1072,48,4,1,2025-04-08,1680.0
1073,48,4,1,2025-03-23,1750.0
1074,13,18,2,2025-07-25,3320.0
1075,73,18,3,2025-09-29,5360.0
1076,70,19,3,2025-02-20,480.0
1077,70,19,3,2025-01-25,430.0
1078,70,19,3,2025-02-23,840.0
1079,98,18,3,2026-05-08,1570.0
1080,98,18,3,2026-04-30,1050.0
1081,98,18,3,2026-05-20,1610.0
1082,23,13,3,2024-11-25,550.0
1083,23,13,3,2024-12-23,980.0
1084,89,4,2,2024-11-02,7100.0
1085,76,5,3,2026-01-29,3710.0
1086,71,8,1,2025-11-21,1430.0
1087,71,8,1,2025-10-23,1790.0
1088,71,8,1,2025-11-13,1080.0
1089,60,5,2,2025-04-09,2000.0
1090,99,9,3,2025-07-23,5000.0
1091,28,12,2,2025-04-29,790.0
1092,28,12,2,2025-05-15,1510.0
1093,25,18,2,2025-04-27,1290.0
1094,98,5,2,2025-05-24,820.0
1095,98,5,2,2025-04-11,1080.0
1096,98,5,2,2025-05-18,440.0
1097,44,11,1,2025-09-19,760.0
1098,44,11,1,2025-08-16,470.0
1099,44,11,1,2025-09-13,770.0
1100,15,5,2,2025-06-08,7260.0
1101,43,7,2,2025-06-01,5050.0
1102,48,6,3,2025-07-19,830.0
1103,48,6,3,2025-06-28,700.0
1104,48,6,3,2025-07-07,860.0
1105,87,3,3,2026-01-25,920.0
1106,87,3,3,2025-12-20,1020.0
1107,70,13,1,2025-11-22,750.0
1108,70,13,1,2025-10-20,580.0
1109,15,17,1,2025-01-20,3490.0
1110,75,11,1,2025-06-04,1160.0
1111,75,11,1,2025-05-24,490.0
1112,75,11,1,2025-06-06,990.0
1113,68,18,3,2026-04-21,2480.0
1114,52,8,2,2025-10-24,1080.0
1115,52,8,2,2025-10-21,1140.0
1116,52,8,2,2025-10-26,870.0
1117,27,2,3,2026-03-11,1510.0
1118,27,2,3,2026-04-06,1710.0
1119,27,2,3,2026-02-24,740.0
1120,29,15,1,2024-12-08,1980.0
1121,29,15,1,2024-12-26,4050.0
1122,36,19,2,2025-10-13,680.0
1123,36,19,2,2025-09-26,690.0
1124,36,19,2,2025-11-04,2070.0
1125,30,5,1,2025-10-03,4450.0
1126,4,8,2,2025-04-28,4040.0
1127,39,5,3,2024-10-06,3360.0
1128,71,15,1,2026-06-06,1830.0
1129,71,15,1,2026-06-14,1340.0
1130,71,15,1,2026-06-11,1050.0
1131,45,1,2,2025-07-20,7530.0
1132,45,1,2,2025-06-13,5640.0
1133,13,18,3,2026-05-18,1200.0
1134,9,1,3,2026-04-19,1050.0
1135,9,1,3,2026-04-24,850.0
1136,9,1,2,2025-12-31,770.0
1137,9,1,2,2026-02-12,1310.0
1138,88,2,3,2025-10-26,2530.0
1139,88,2,3,2025-10-31,1620.0
1140,88,2,3,2025-10-31,1040.0
1141,72,6,2,2025-06-10,8510.0
1142,24,14,1,2025-04-22,2590.0
1143,24,14,1,2025-05-12,2220.0
1144,37,9,2,2025-02-06,1110.0
1145,37,9,2,2025-01-02,680.0
1146,37,9,2,2025-01-16,670.0
1147,50,10,1,2025-10-17,2820.0
1148,24,17,1,2024-11-24,1090.0
1149,24,17,1,2024-12-21,1290.0
1150,24,17,1,2024-11-24,1370.0
1151,36,16,2,2025-10-06,720.0
1152,36,16,2,2025-08-12,910.0
1153,36,16,2,2025-09-24,610.0
1154,74,7,1,2025-06-28,1370.0
1155,74,7,1,2025-06-15,930.0
1156,57,7,2,2025-02-15,4820.0
1157,85,11,3,2026-06-05,3410.0
1158,18,4,3,2024-11-10,870.0
1159,18,4,3,2024-10-07,1170.0
1160,24,9,1,2026-04-08,7030.0
1161,90,16,1,2025-10-28,790.0
1162,42,3,1,2025-09-12,2080.0
1163,97,3,2,2025-03-09,6490.0
1164,97,3,2,2025-03-09,5810.0
1165,73,10,1,2025-06-06,870.0
1166,73,10,1,2025-05-13,1630.0
1167,97,11,2,2025-11-16,11940.0
1168,41,10,2,2025-08-30,820.0
1169,41,10,2,2025-09-07,770.0
1170,41,10,2,2025-08-23,750.0
1171,68,17,1,2025-03-20,8480.0
1172,60,19,2,2025-10-25,1390.0
1173,60,19,2,2025-08-31,1500.0
1174,44,3,2,2025-11-25,6670.0
1175,27,14,1,2025-11-05,5050.0
1176,67,6,2,2025-03-20,10780.0
1177,86,12,3,2025-10-15,1350.0
1178,86,12,3,2025-10-07,2810.0
1179,44,8,1,2025-06-27,9150.0
1180,44,8,1,2025-05-22,9490.0
1181,2,20,3,2025-08-26,3280.0
1182,2,20,3,2025-08-10,1440.0
1183,81,3,1,2025-03-09,1250.0
1184,81,3,1,2025-04-02,760.0
1185,81,3,1,2025-03-02,1620.0
1186,35,12,2,2025-06-17,10090.0
1187,77,17,2,2026-05-17,1010.0
1188,77,17,2,2026-05-29,1000.0
1189,77,17,2,2026-06-08,1120.0
1190,31,1,1,2026-06-16,1380.0
1191,31,1,1,2026-07-01,1610.0
1192,62,19,1,2025-06-02,1260.0
1193,62,19,1,2025-05-18,750.0
1194,62,19,1,2025-06-02,1350.0
1195,12,9,1,2025-10-28,860.0
1196,12,9,1,2025-11-03,1930.0
1197,12,9,1,2025-09-28,1320.0
1198,16,2,3,2026-04-22,2060.0
1199,16,2,3,2026-05-25,2350.0
1200,16,2,3,2026-04-16,1920.0
1201,12,7,1,2025-03-08,10240.0
1202,8,5,1,2026-06-26,2730.0
1203,8,5,1,2026-07-04,4000.0
1204,3,20,2,2026-02-06,1690.0
1205,3,20,2,2026-03-07,790.0
1206,65,6,3,2025-09-02,550.0
1207,65,6,3,2025-08-12,810.0
1208,72,13,1,2026-02-02,1170.0
1209,72,13,1,2026-01-18,510.0
1210,72,13,1,2026-01-22,600.0
1211,76,19,2,2025-03-23,3010.0
1212,23,13,2,2024-11-27,16190.0
1213,38,13,3,2026-05-07,870.0
1214,38,13,3,2026-04-24,2000.0
1215,38,13,3,2026-04-19,2010.0
1216,82,18,3,2024-12-02,2270.0
1217,82,18,3,2024-12-05,3200.0
1218,45,15,2,2024-11-28,2080.0
1219,45,15,2,2024-11-20,1970.0
1220,88,5,1,2025-02-12,8950.0
1221,78,9,2,2025-07-25,2420.0
1222,78,9,2,2025-07-09,1280.0
1223,78,9,2,2025-08-07,1170.0
1224,6,10,1,2025-07-16,2600.0
1225,6,10,1,2025-07-02,1750.0
1226,91,15,3,2025-04-22,2810.0
1227,82,17,1,2025-02-01,2730.0
1228,25,13,2,2026-04-27,2820.0
1229,25,13,2,2026-04-01,2590.0
1230,25,13,2,2026-03-07,1780.0
1231,36,1,1,2025-12-08,700.0
1232,36,1,1,2025-11-29,320.0
1233,36,1,1,2025-12-04,290.0
1234,80,9,1,2025-12-14,940.0
1235,80,9,1,2025-12-02,700.0
1236,80,9,1,2025-12-03,440.0
1237,41,3,1,2025-11-06,6680.0
1238,25,2,3,2025-08-06,1370.0
1239,25,2,3,2025-07-30,650.0
1240,25,2,3,2025-07-15,1070.0
1241,8,10,3,2026-05-01,5180.0
1242,98,11,3,2026-07-26,1540.0
1243,98,11,3,2026-08-02,2190.0
1244,68,16,1,2025-12-17,290.0
1245,68,16,1,2026-01-22,600.0
1246,68,16,1,2025-11-27,450.0
1247,25,17,2,2026-03-03,1010.0
1248,25,17,2,2026-04-02,600.0
1249,25,17,2,2026-03-07,730.0
1250,60,3,2,2025-03-01,2560.0
1251,60,3,2,2025-02-21,2750.0
1252,60,3,2,2025-03-23,1420.0
1253,12,16,3,2025-03-09,2140.0
1254,12,16,3,2025-03-06,1150.0
1255,18,16,1,2025-12-01,3620.0
1256,18,16,1,2026-01-06,2850.0
1257,63,6,1,2026-06-06,2200.0
1258,63,6,1,2026-05-29,870.0
1259,2,3,3,2024-11-19,1450.0
1260,2,3,3,2024-11-22,1340.0
1261,60,20,2,2025-12-31,6440.0
1262,23,6,3,2025-04-02,6660.0
1263,83,7,1,2026-06-03,890.0
1264,83,7,1,2026-06-03,1390.0
1265,89,2,2,2025-08-09,1500.0
1266,89,2,2,2025-08-27,1180.0
1267,89,2,2,2025-08-20,1630.0
1268,31,14,3,2025-09-28,2160.0
1269,31,14,3,2025-10-05,1100.0
1270,83,14,3,2025-10-28,1790.0
1271,83,14,3,2025-10-04,2110.0
1272,83,14,3,2025-11-15,1650.0
1273,73,13,2,2025-12-02,780.0
1274,73,13,2,2025-11-07,690.0
1275,73,13,2,2025-11-15,640.0
1276,28,20,2,2025-08-04,17010.0
1277,62,18,2,2025-05-02,1030.0
1278,62,18,2,2025-04-17,390.0
1279,62,18,2,2025-05-27,760.0
1280,16,5,2,2026-03-25,920.0
1281,16,5,2,2026-03-15,1270.0
1282,17,10,2,2025-04-03,5300.0
1283,52,19,3,2025-09-27,1220.0
1284,52,19,3,2025-09-29,1330.0
1285,63,7,2,2025-05-09,1020.0
1286,63,7,2,2025-04-23,400.0
1287,27,11,2,2025-09-08,830.0
1288,27,11,2,2025-10-03,1640.0
1289,27,11,2,2025-10-02,1430.0
1290,86,11,2,2025-09-06,4730.0
1291,55,2,2,2025-02-11,1600.0
1292,55,2,2,2025-03-12,2880.0
1293,2,20,2,2025-02-03,2400.0
1294,2,20,2,2025-03-05,2780.0
1295,62,15,3,2025-11-03,8410.0
1296,5,11,1,2025-05-08,11530.0
1297,85,18,3,2025-09-15,1100.0
1298,85,18,3,2025-09-29,820.0
1299,85,18,3,2025-09-11,1440.0
1300,85,10,2,2024-12-31,2510.0
1301,82,9,3,2026-05-08,6290.0
1302,82,9,3,2026-05-17,4770.0
1303,32,11,1,2026-05-04,1070.0
1304,32,11,1,2026-04-24,1820.0
1305,32,11,1,2026-04-09,1230.0
1306,55,11,3,2025-04-06,3550.0
1307,55,11,3,2025-04-18,3590.0
1308,52,5,2,2025-10-22,690.0
1309,52,5,2,2025-10-18,1560.0
1310,52,5,2,2025-12-05,1490.0
1311,42,8,1,2025-06-03,1210.0
1312,42,8,1,2025-05-29,1730.0
1313,29,2,2,2025-05-02,3970.0
1314,60,12,3,2025-06-28,970.0
1315,60,12,3,2025-07-14,1240.0
1316,60,12,3,2025-07-03,2890.0
1317,21,4,2,2025-08-18,2510.0
1318,21,4,2,2025-10-05,2510.0
1319,75,13,3,2026-05-06,370.0
1320,75,13,3,2026-05-25,320.0
1321,75,13,3,2026-05-18,660.0
1322,87,6,2,2025-06-19,9420.0
1323,44,2,2,2025-07-05,1580.0
1324,44,2,2,2025-08-13,720.0
1325,8,15,2,2025-11-05,1520.0
1326,8,15,2,2025-12-17,1350.0
1327,8,15,2,2025-11-23,890.0
1328,5,10,1,2024-12-07,10980.0
1329,20,3,3,2026-03-03,1020.0
1330,20,3,3,2026-04-02,770.0
1331,20,3,3,2026-03-19,700.0
1332,21,20,2,2026-06-13,1030.0
1333,21,20,2,2026-06-27,670.0
1334,21,20,2,2026-06-24,1210.0
1335,11,18,3,2025-01-18,910.0
1336,11,18,3,2025-02-12,810.0
1337,11,18,3,2025-01-06,620.0
1338,83,13,2,2026-02-14,590.0
1339,83,13,2,2026-03-05,770.0
1340,7,8,3,2025-10-31,3520.0
1341,7,8,3,2025-11-10,2490.0
1342,7,8,3,2025-11-16,3690.0
1343,51,4,2,2026-01-31,5380.0
1344,51,4,2,2026-01-29,4470.0
1345,58,5,3,2026-02-27,820.0
1346,58,5,3,2026-02-28,1320.0
1347,38,2,1,2025-01-12,1520.0
1348,38,2,1,2025-02-24,1520.0
1349,95,7,3,2025-01-27,6650.0
1350,67,12,1,2025-09-24,1710.0
1351,67,12,1,2025-10-01,1290.0
1352,49,16,3,2026-02-24,6770.0
1353,49,16,3,2026-03-23,6990.0
1354,21,20,2,2025-07-03,5340.0
1355,95,14,1,2025-01-21,680.0
1356,95,14,1,2025-01-06,2030.0
1357,32,10,2,2025-06-16,1730.0
1358,32,10,2,2025-05-22,1930.0
1359,32,10,2,2025-05-22,1930.0
1360,32,19,2,2026-02-01,610.0
1361,32,19,2,2026-02-19,700.0
1362,32,19,2,2026-03-01,740.0
1363,17,9,1,2025-02-11,1260.0
1364,17,9,1,2025-02-06,820.0
1365,17,9,1,2025-02-16,1590.0
1366,44,4,3,2026-02-28,2710.0
1367,44,4,3,2026-02-20,1820.0
1368,46,15,2,2025-11-13,1800.0
1369,46,15,2,2026-01-02,2250.0
1370,46,15,2,2025-11-22,3590.0
1371,21,14,1,2025-04-01,10900.0
1372,21,16,2,2025-06-02,540.0
1373,21,16,2,2025-06-17,1020.0
1374,21,16,2,2025-05-25,800.0
1375,7,6,3,2026-02-03,2220.0
1376,86,2,2,2025-11-06,810.0
1377,86,2,2,2025-10-09,980.0
1378,86,2,2,2025-10-10,480.0
1379,22,9,1,2026-01-03,1380.0
1380,22,9,1,2026-01-23,770.0
1381,22,9,1,2025-12-28,680.0
1382,2,8,3,2025-07-18,3050.0
1383,2,8,3,2025-06-13,2400.0
1384,2,8,3,2025-07-19,3460.0
1385,85,1,3,2025-03-30,1540.0
1386,85,1,3,2025-04-29,4870.0
1387,79,15,1,2025-04-19,9120.0
1388,50,8,2,2026-01-25,980.0
1389,50,8,2,2026-01-05,1170.0
1390,50,8,2,2026-01-15,1670.0
1391,61,8,2,2025-08-03,5710.0
1392,61,8,2,2025-08-18,8400.0
1393,56,2,2,2026-01-30,14390.0
1394,56,2,2,2026-01-14,10150.0
1395,16,14,2,2025-04-27,4910.0
1396,16,14,2,2025-05-30,1430.0
1397,4,3,3,2025-03-29,1580.0
1398,4,3,3,2025-04-10,1260.0
1399,4,3,3,2025-05-09,1640.0
1400,46,15,2,2025-08-30,710.0
1401,46,15,2,2025-09-15,1610.0
1402,81,10,1,2025-07-06,1710.0
1403,81,10,1,2025-07-16,1510.0
1404,81,10,1,2025-07-20,1330.0
1405,58,9,3,2025-05-25,470.0
1406,58,9,3,2025-06-06,930.0
1407,4,3,1,2025-01-02,1870.0
1408,4,3,1,2025-01-02,610.0
