RepId,RepName,ManagerName,Region
1,Mrs. Carol Richards,Malik Fox,North America
2,Adam Morris,Kenneth Schroeder,APAC
3,Kevin Cook,Jorge Dunn,APAC
4,Dr. Joshua Reese,Mary Mcguire,Europe
5,Tracy Watts,Maria Garza,APAC
6,Brian Joseph,Sara Brown,APAC
7,Danielle Gonzalez,Randy Alexander,North America
8,Sarah Mcgee,Gary Williams,North America
9,Christopher Dixon,Dr. Matthew Bartlett,APAC
10,Steven Anderson,Christina Costa,North America
11,Jessica Goodwin,Melissa Diaz,Europe
12,Joel Glenn,Richard Decker,North America
13,Victoria Wells,Lisa Logan,Europe
14,David Paul,Daniel Powell,APAC
15,Melanie Park,Amanda Michael,Europe
16,David Smith,Justin Edwards,APAC
17,Joseph Harris DVM,Larry Camacho,North America
18,Mr. Bradley Hubbard,Lauren Ali,North America
19,Laura Cochran,Jessica Oliver,Europe
20,Victor Melendez,Kathryn Doyle,North America
